pais;nodo;anio;anio_esp;anio_nacimiento;edad_contienda;anios_adultez;ratio.kb_edad;ratio.edad_in.stat;ratio.edad_out.stat;candidato;id_candidato;partidos;votos;exito;estrategia;presidencia;vicepresidencia;ministerio;gobernatura;ejercito;corte_suprema;legislatura;alcaldia;partido_politico;empresas;soc_civil;mov_rev;org_relig;kb;intra;para;sub;exa;ana;in_state;out_state
ARG;1;1826;;1780;46;28;17.68;15.54;2.14;Bernardino Rivadavia;BRivadavia;Unitario;92.11;Ganador;Restaura;0;0;110;280;0;0;0;0;45;0;0;60;0;495;110;280;45;0;60;0.88;0.12
ARG;2;1827;;1785;42;24;38.88;37.21;1.67;Vicente López y Planes;VLopezP;Unitario;0;De facto;Interino;0;0;330;200;135;0;168;60;0;0;0;40;0;933;330;503;60;0;40;0.96;0.04
ARG;3;1854;;1801;53;35;17.86;17.86;0.00;Justo José de Urquiza;JUrquiza;Federal;88.3;Ganador;Alterna;130;0;110;200;90;0;0;0;95;0;0;0;0;625;240;290;95;0;0;1;0
ARG;4;1854;;1795;59;41;14.41;5.73;8.68;Mariano Fragueiro;MFragueiro;Unitario;6.8;Perdedor;Mantiene;0;0;0;190;0;0;0;0;45;356;0;0;0;591;0;190;45;356;0;0.4;0.6
ARG;5;1854;;1788;66;48;14.52;14.52;0.00;Pedro Ferré;PFerre;Federal;0.97;Perdedor;Alterna;0;0;0;400;126;0;126;0;45;0;0;0;0;697;0;652;45;0;0;1;0
ARG;6;1854;;1785;69;51;20.84;20.06;0.78;Vicente López y Planes;VLopezP;Independiente;0.97;Perdedor;Alterna;130;0;330;200;135;0;168;60;0;0;0;40;0;1063;460;503;60;0;40;0.96;0.04
ARG;7;1854;;1817;37;19;65.58;65.58;0.00;José Maria Paz;JPaz;Unitario;0.97;Perdedor;Mantiene;0;0;0;200;945;0;56;0;45;0;0;0;0;1246;0;1201;45;0;0;1;0
ARG;8;1854;;1812;42;24;16.54;16.54;0.00;Benjamín Virasoro;BVirasoro;Federal;0.97;Perdedor;Alterna;0;0;0;100;252;0;0;0;45;0;0;0;0;397;0;352;45;0;0;1;0
ARG;9;1854;;1794;60;42;8.36;7.98;0.38;Facundo Zuviría;FSuviría;Unitario;0.97;Perdedor;Mantiene;0;0;0;0;108;0;182;0;45;0;0;16;0;351;0;290;45;0;16;0.95;0.05
ARG;10;1860;;1809;51;33;20.21;20.21;0.00;Santiago Derqui;SDerqui;Federal;57.6;Ganador;Mantiene;0;0;330;180;0;0;112;0;45;0;0;0;0;667;330;292;45;0;0;1;0
ARG;11;1860;;1795;65;47;21.74;14.17;7.57;Mariano Fragueiro;MFragueiro;Unitario;36.8;Perdedor;Alterna;0;0;110;290;0;0;126;0;140;356;0;0;0;1022;110;416;140;356;0;0.65;0.35
ARG;12;1860;;1798;62;44;11.18;11.18;0.00;Salvador Maria del Carril;SCarril;Unitario;3.2;Perdedor;Mantiene;0;120;0;200;0;64;63;0;45;0;0;0;0;492;120;327;45;0;0;1;0
ARG;13;1860;;1810;50;32;2.75;2.75;0.00;Juan Bautista Alberdi;JBautistaA;Independiente;1.6;Perdedor;Alterna;0;0;88;0;0;0;0;0;0;0;0;0;0;88;88;0;0;0;0;1;0
ARG;14;1860;;1788;72;54;33.94;33.94;0.00;Tomás Guido;TGuido;Independiente;0.8;Perdedor;Alterna;0;0;715;270;666;0;182;0;0;0;0;0;0;1833;715;1118;0;0;0;1;0
ARG;15;1861;;1796;65;47;43.11;39.74;3.36;Juan Esteban Pedernera;JPederna;Federal;0;De facto;Interino;260;120;0;100;1332;0;56;0;0;0;0;158;0;2026;380;1488;0;0;158;0.92;0.08
ARG;16;1862;;1821;41;23;49.78;46.30;3.48;Bartolomé Mitre;BMitre;Nacionalista;100;Ganador;Alterna;130;0;0;280;486;0;49;0;120;40;0;40;0;1145;130;815;120;40;40;0.93;0.07
ARG;17;1868;;1811;57;39;22.82;17.26;2.69;Domingo Sarmiento;DSarmiento;Independeitne;60.3;Ganador;Alterna;0;0;165;190;234;0;112;84;0;0;105;0;0;890;165;424;84;105;0;0.76;0.12
ARG;18;1868;;1801;67;49;16.33;16.33;0.00;Justo José de Urquiza;JUrquiza;Federal;19.85;Perdedor;Restaura;260;0;110;200;90;0;0;0;140;0;0;0;0;800;370;290;140;0;0;1;0
ARG;19;1868;;1822;46;28;29.00;29.00;0.00;Rufino Jacinto de Elizalde ;RElizalde;Liberal;16.79;Perdedor;Alterna;0;0;220;240;81;64;112;0;95;0;0;0;0;812;220;497;95;0;0;1;0
ARG;20;1868;;1821;47;29;20.38;19.76;0.62;Guillermo Rawson;GRawson;Nacionalista;2.29;Perdedor;Alterna;0;0;297;0;0;0;231;0;45;0;0;18;0;591;297;231;45;0;18;0.97;0.03
ARG;21;1868;;1800;68;50;7.20;6.60;0.60;Dalmacio Vélez Sarsfield;DVelez;Unitario;0.76;Perdedor;Alterna;0;0;110;0;0;0;175;0;45;0;30;0;0;360;110;175;45;30;0;0.92;0.08
ARG;22;1874;;1837;37;19;13.74;13.74;0.00;Nicolás Avellaneda;NAvellaneda;PAN;64.73;Ganador;Mantiene;0;0;110;0;0;0;56;0;95;0;0;0;0;261;110;56;95;0;0;1;0
ARG;23;1874;;1821;53;35;48.17;44.74;3.43;Bartolomé Mitre;BMitre;Nacionalista;35.27;Perdedor;Recupera;260;0;0;280;756;0;105;0;165;80;0;40;0;1686;260;1141;165;80;40;0.93;0.07
ARG;24;1880;;1843;37;19;29.00;29.00;0.00;Julio Argentino Roca;JArgentino;PAN;68.89;Ganador;Mantiene;0;0;110;0;396;0;0;0;45;0;0;0;0;551;110;396;45;0;0;1;0
ARG;25;1880;;1817;63;45;11.29;10.36;0.93;Carlos Tejedor;CTejedero;Independiente;31.11;Perdedor;Alterna;0;0;220;190;0;0;56;0;0;0;42;0;0;508;220;246;0;42;0;0.92;0.08
ARG;26;1886;;1844;42;24;22.04;22.04;0.00;Miguel Juárez Celman;MJuarez;PAN;78.87;Ganador;Mantiene;0;0;190;0;0;0;294;0;45;0;0;0;0;529;190;294;45;0;0;1;0
ARG;27;1886;;1833;53;35;16.83;15.69;1.14;Manuel Anselmo Gregorio Ocampo;MOcampo;PU;15.02;Perdedor;Alterna;0;0;0;0;288;0;56;120;85;40;0;0;0;589;0;344;205;40;0;0.93;0.07
ARG;28;1886;;1822;64;46;15.59;14.02;1.57;Bernardo de Irigoyen;Birigoyen;PU;6.11;Perdedor;Alterna;0;0;550;0;0;0;0;0;95;40;0;32;0;717;550;0;95;40;32;0.9;0.1
ARG;29;1890;;1846;44;26;30.12;30.12;0.00;Carlos Enrique José Pellegrini;CPellegrini;PAN;0;De facto;Interino;0;120;308;0;117;0;168;0;70;0;0;0;0;783;428;285;70;0;0;1;0
ARG;30;1892;;1822;70;52;9.90;8.56;1.35;Luis de Sáenz Peña;LSaenz;PAN;95.02;Ganador;Mantiene;0;0;0;90;0;72;238;0;45;40;30;0;0;515;0;400;45;70;0;0.86;0.14
ARG;31;1892;;1822;70;52;14.65;13.27;1.38;Bernardo de Irigoyen;Birigoyen;UCR;2.26;Perdedor;Alterna;0;0;550;0;0;0;0;0;140;40;0;32;0;762;550;0;140;40;32;0.91;0.09
ARG;32;1892;;1821;71;53;33.60;31.34;2.26;Bartolomé Mitre;BMitre;UCN;2.26;Perdedor;Recupera;260;0;0;280;756;0;105;0;260;80;0;40;0;1781;260;1141;260;80;40;0.93;0.07
ARG;33;1895;;1831;64;46;21.20;20.33;0.87;José Evaristo Uriburu;JUriburu;PAN;0;De facto;Interino;0;120;473;90;0;0;252;0;0;40;0;0;0;975;593;342;0;40;0;0.96;0.04
ARG;34;1898;;1843;55;37;27.14;27.14;0.00;Julio Argentino Roca;JArgentino;PAN;85.16;Ganador;Recupera;130;0;220;0;396;0;168;0;90;0;0;0;0;1004;350;564;90;0;0;1;0
ARG;35;1898;;1821;77;59;33.59;31.05;2.54;Bartolomé Mitre;BMitre;UCN;14.84;Perdedor;Recupera;260;0;0;280;756;0;231;0;305;80;30;40;0;1982;260;1267;305;110;40;0.92;0.08
ARG;36;1904;;1835;69;51;17.33;16.75;0.59;Manuel Pedro Quintana;MQuintana;PAN;81.36;Ganador;Mantiene;0;0;319;0;0;0;490;0;45;0;30;0;0;884;319;490;45;30;0;0.97;0.03
ARG;37;1904;;1828;76;58;24.24;23.55;0.69;José Félix Evaristo Uriburu;JUriburu;PRepublicano;11.53;Perdedor;Alterna;260;120;473;90;0;0;378;0;45;40;0;0;0;1406;853;468;45;40;0;0.97;0.03
ARG;38;1904;;1835;69;51;18.29;18.29;0.00;Marco Aurelio Avellaneda;MAvellaneda;PAN;4.75;Perdedor;Mantiene;0;0;594;0;0;0;294;0;45;0;0;0;0;933;594;294;45;0;0;1;0
ARG;39;1904;;1855;49;31;3.87;3.87;0.00;Mauricio Pastor Daract;MPastor;Independiente;2.03;Perdedor;Alterna;0;0;0;0;0;64;56;0;0;0;0;0;0;120;0;120;0;0;0;1;0
ARG;40;1904;;1846;58;40;25.35;25.35;0.00;Carlos Enrique José Pellegrini;CPellegrini;PAN;0.33;Perdedor;Mantiene;130;120;308;0;117;0;224;0;115;0;0;0;0;1014;558;341;115;0;0;1;0
ARG;41;1906;;1860;46;28;12.71;11.86;0.86;José María Cornelio del Corazón de Jesús Figueroa Alcorta;JFigueroaA;PAN;0;De facto;Interino;0;120;0;100;0;0;112;0;0;0;24;0;0;356;120;212;0;24;0;0.93;0.07
ARG;42;1910;;1851;59;41;21.20;20.61;0.59;Roque José Antonio del Sagrado Corazón de Jesús Sáenz Peña Lahitte;RSaenz;PAN;99.6;Ganador;Mantiene;0;0;280;0;243;0;182;0;140;0;24;0;0;869;280;425;140;24;0;0.97;0.03
ARG;43;1910;;1859;51;33;6.91;5.09;0.00;Adolfo Contte;AContte;PLCO;0.4;Perdedor;Alterna;0;0;0;0;0;0;168;0;0;60;0;0;0;228;0;168;0;0;0;0.74;0
ARG;44;1914;;1840;74;56;15.14;15.14;0.00;Victorino de la Plaza;VPlaza;PAN;0;De facto;Interino;0;120;440;0;288;0;0;0;0;0;0;0;0;848;560;288;0;0;0;1;0
ARG;45;1916;;1852;64;46;11.52;5.98;5.54;Juan Hipólito del Sagrado Corazón de Jesús Yrigoyen;HYrigoyen;UCR;47.25;Ganador;Alterna;0;0;0;0;0;0;112;18;145;160;15;80;0;530;0;112;163;175;80;0.52;0.48
ARG;46;1916;;1851;65;47;17.38;15.09;2.30;Angel Dolores Rojas;ADolores;Conservador;20.83;Perdedor;Alterna;0;0;0;440;0;0;224;0;45;108;0;0;0;817;0;664;45;108;0;0.87;0.13
ARG;47;1916;;1868;48;30;10.57;8.57;2.00;Nicolás Lisandro de la Torre;LTorre;PDP;18.76;Perdedor;Alterna;0;0;0;0;0;0;112;0;145;40;0;20;0;317;0;112;145;40;20;0.81;0.19
ARG;48;1916;;1865;51;33;12.03;7.79;4.24;Juan Bautista Justo;JJusto;PS;9.21;Perdedor;Alterna;0;0;0;0;0;0;112;0;145;80;60;0;0;397;0;112;145;140;0;0.65;0.35
ARG;49;1922;;1868;54;36;6.36;5.25;1.11;Marcelo Torcuato de Alvear;MAlvear;UCR;50.51;Ganador;Mantiene;0;0;88;0;0;0;56;0;45;0;0;40;0;229;88;56;45;0;40;0.83;0.17
ARG;50;1922;;1858;64;46;15.72;11.80;3.91;Norberto Piñero;NPiñero;PAN;27.84;Perdedor;Alterna;0;0;308;190;0;0;0;0;45;0;180;0;0;723;308;190;45;180;0;0.75;0.25
ARG;51;1922;;1871;51;33;4.88;3.06;1.82;Nicolás Repetto;NRepetto;PS;9.48;Perdedor;Alterna;0;0;0;0;0;0;56;0;45;40;0;20;0;161;0;56;45;40;20;0.63;0.37
ARG;52;1922;;1851;71;53;8.38;8.38;0.00;Miguel María Laurencena;MLaurencena;UCR;7.08;Perdedor;Alterna;0;0;0;190;0;0;161;48;45;0;0;0;0;444;0;351;93;0;0;1;0
ARG;53;1922;;1877;45;27;7.41;7.41;0.00;Carlos Perfecto Ibarguren;CIbarguren;PDP;5.04;Perdedor;Alterna;0;0;110;0;0;0;0;0;90;0;0;0;0;200;110;0;90;0;0;1;0
ARG;54;1928;;1852;76;58;12.16;7.76;4.40;Hipolito Yrigoyen;HYrigoyen;UCR;61.42;Ganador;Recupera;130;0;0;0;0;0;112;18;190;160;15;80;0;705;130;112;208;175;80;0.64;0.36
ARG;55;1928;;1869;59;41;13.61;12.22;1.39;Leopoldo Melo;LMelo;UCR-A;31.48;Perdedor;Alterna;0;0;0;0;0;0;406;0;95;0;57;0;0;558;0;406;95;57;0;0.9;0.1
ARG;56;1928;;1882;46;28;12.57;11.61;0.96;Mario Humberto Nicolás Bravo;MBravo;PS;4.94;Perdedor;Alterna;0;0;0;0;0;0;280;0;45;27;0;0;0;352;0;280;45;27;0;0.92;0.08
ARG;57;1930;;1868;62;44;11.61;10.70;0.91;José Felix Benito Uriburu;FUriburu;Revolucion de 1930;0;De facto;Despoja;0;0;154;0;261;0;56;0;0;0;0;40;0;511;154;317;0;0;40;0.92;0.08
ARG;58;1931;;1876;55;37;18.65;18.65;0.00;Agustín Pedro Justo;AJusto;UCRA;61.44;Ganador;Mantiene;0;0;330;0;315;0;0;0;45;0;0;0;0;690;330;315;45;0;0;1;0
ARG;59;1931;;1868;63;45;9.29;7.96;1.33;Lisandro de la Torre;LTorre;PDP;34.66;Perdedor;Alterna;0;0;0;0;0;0;168;0;190;40;0;20;0;418;0;168;190;40;20;0.86;0.14
ARG;60;1931;;1856;75;57;3.68;3.42;0.26;Francisco Antonio Barroetaveña;FBarroetaveña;UCRI;2.95;Perdedor;Alterna;0;0;0;0;0;0;0;0;195;0;15;0;0;210;0;0;195;15;0;0.93;0.07
ARG;61;1937;;1886;51;33;9.73;9.73;0.00;Jaime Gerardo Roberto Marcelino María Ortiz Lizardi;ROrtiz;UCRA;55.77;Ganador;Mantiene;0;0;220;0;0;0;56;0;45;0;0;0;0;321;220;56;45;0;0;1;0
ARG;62;1937;;1868;69;51;8.90;8.12;0.78;Marcelo T de Alvear;MAlvear;UCR;41.39;Perdedor;Recupera;130;0;88;0;0;0;56;0;140;0;0;40;0;454;218;56;140;0;40;0.91;0.09
ARG;63;1937;;1871;66;48;9.67;7.58;2.08;Nicolás Repetto;NRepetto;PS;2.59;Perdedor;Alterna;0;0;0;0;0;0;224;0;140;80;0;20;0;464;0;224;140;80;20;0.78;0.22
ARG;64;1942;;1873;69;51;12.25;11.67;0.59;Ramón Antonio Castillo;RCastillo;PDNC;0;De facto;Interino;0;120;319;100;0;0;56;0;0;0;30;0;0;625;439;156;0;30;0;0.95;0.05
ARG;65;1943;;1885;58;40;4.00;4.00;0.00;Arturo Franklin Rawson;ARawson;Golpe de Estado;0;De facto;Despoja;0;0;88;0;72;0;0;0;0;0;0;0;0;160;88;72;0;0;0;1;0
ARG;66;1943;;1884;59;41;6.63;6.63;0.00;Pedro Pablo Ramírez;PPRamirez;Revolución 1943;0;De facto;Despoja;0;0;110;0;162;0;0;0;0;0;0;0;0;272;110;162;0;0;0;1;0
ARG;67;1944;;1887;57;39;15.67;15.67;0.00;Edelmiro Julián Farrel;EFarrel;Revolución 1943;0;De facto;Interino;0;240;110;0;261;0;0;0;0;0;0;0;0;611;350;261;0;0;0;1;0
ARG;68;1946;;1895;51;33;15.97;15.36;0.61;Juan Domingo Perón;JDPerón;PL, UCR, JR, PI;53.71;Ganador;Alterna;0;120;220;0;72;0;0;0;95;0;0;20;0;527;340;72;95;0;20;0.96;0.04
ARG;69;1946;;1886;60;42;8.76;6.36;2.40;José Pascual Tamborini;JPTambori;UCR, PS, PDP, PC;43.65;Perdedor;Mantiene;0;0;110;0;0;0;112;0;45;80;21;0;0;368;110;112;45;101;0;0.73;0.27
ARG;70;1951;;1895;56;38;18.47;17.95;0.53;Juan Domingo Perón;JDPerón;PJ;62.49;Ganador;Conserva;130;120;220;0;72;0;0;0;140;0;0;20;0;702;470;72;140;0;20;0.97;0.03
ARG;71;1951;;1904;47;29;6.83;6.14;0.69;Ricardo Balbí;Rbalbín;UCR ;31.81;Perdedor;Alterna;0;0;77;0;0;0;56;0;45;0;0;20;0;198;77;56;45;0;20;0.9;0.1
ARG;72;1951;;1898;53;35;14.49;14.49;0.00;Reynaldo Alberto Pastor;Rpastor;PDN;2.29;Perdedor;Alterna;0;0;0;190;0;0;224;48;45;0;0;0;0;507;0;414;93;0;0;1;0
ARG;73;1951;;1897;54;36;5.83;5.28;0.56;Rodolfo José Ghioldi;Rghuildi;PC;0.93;Perdedor;Alterna;0;0;0;0;0;0;0;0;190;0;0;20;0;210;0;0;190;0;20;0.9;0.1
ARG;74;1951;;1878;73;55;4.42;3.87;0.55;Alfredo Lorenzo Ramón Palacios;Apalacios;PS;0.72;Perdedor;Alterna;0;0;0;0;0;0;168;0;45;0;30;0;0;243;0;168;45;30;0;0.88;0.12
ARG;75;1951;;1889;62;44;3.39;3.39;0.00;Genaro Giacobini;Ggiacobini;PSP;0.07;Perdedor;Alterna;0;0;0;0;0;0;56;48;45;0;0;0;0;149;0;56;93;0;0;1;0
ARG;76;1951;;1888;63;45;9.00;9.00;0.00;Luciano Florencio Molinas;Lmolinas;PDP;0.03;Perdedor;Alterna;0;0;0;100;0;0;210;0;95;0;0;0;0;405;0;310;95;0;0;1;0
ARG;77;1951;;1890;61;43;5.60;5.60;0.00;José Fernando Peñelón;JFPeñelon;CO;0.01;Perdedor;Alterna;0;0;0;0;0;0;0;96;145;0;0;0;0;241;0;0;241;0;0;1;0
ARG;78;1955;a;1896;59;41;4.12;3.63;0.49;Eduardo Ernesto Lonardi;ELonardi;Revolución Libertadora;0;De facto;Despoja;0;0;77;0;72;0;0;0;0;0;0;20;0;169;77;72;0;0;20;0.88;0.12
ARG;79;1955;b;1903;52;34;11.97;11.38;0.59;Pedro Eugenio Aramburu;PAramburu;Revolución Libertadora;0;De facto;Despoja;0;0;0;0;387;0;0;0;0;0;0;20;0;407;0;387;0;0;20;0.95;0.05
ARG;80;1958;;1908;50;32;5.34;4.72;0.63;Arturo Frondizi;Afrondizi;UCRI;44.79;Ganador;Recupera;0;0;0;0;0;0;56;0;95;0;0;20;0;171;0;56;95;0;20;0.88;0.12
ARG;81;1958;;1904;54;36;6.75;6.19;0.56;Ricardo Balbín;Rbalbín;UCRP;28.91;Perdedor;Alterna;0;0;77;0;0;0;56;0;90;0;0;20;0;243;77;56;90;0;20;0.92;0.08
ARG;82;1958;;1861;97;79;1.91;1.91;0.00;Lucas Ayarragaray Viera;Larraragaray;PDC;3.17;Perdedor;Alterna;0;0;0;0;0;0;56;0;95;0;0;0;0;151;0;56;95;0;0;1;0
ARG;83;1958;;1878;80;62;6.97;6.48;0.48;Alfredo Palacios;Apalacios;PS;2.87;Perdedor;Alterna;0;0;88;0;0;0;224;0;90;0;30;0;0;432;88;224;90;30;0;0.93;0.07
ARG;84;1958;;1901;57;39;12.59;12.59;0.00;Vicente Solano Lima;Vsolano;PCP;1.89;Perdedor;Alterna;0;0;0;180;0;0;224;42;45;0;0;0;0;491;0;404;87;0;0;1;0
ARG;85;1958;;1888;70;52;8.96;8.65;0.31;Luciano Florencio Molinas;Lmolinas;PDP;1.4;Perdedor;Alterna;0;0;0;100;0;0;210;0;140;0;0;16;0;466;0;310;140;0;16;0.97;0.03
ARG;86;1958;;1905;53;35;4.03;4.03;0.00;Alejandro Henrique Leloir;Aleloir;UP;1.1;Perdedor;Alterna;0;0;0;0;0;0;56;0;85;0;0;0;0;141;0;56;85;0;0;1;0
ARG;87;1958;;1918;40;22;20.05;6.05;14.00;Juan Bautista Peña;Jbautista;PCI;0.43;Perdedor;Alterna;0;0;88;0;0;0;0;0;45;308;0;0;0;441;88;0;45;308;0;0.3;0.7
ARG;88;1962;;1910;52;34;10.88;10.29;0.59;José María Guido;JMGuido;UCRI;0;De facto;Interino;130;0;0;0;0;0;175;0;45;0;0;20;0;370;130;175;45;0;20;0.95;0.05
ARG;89;1963;;1900;63;45;4.78;4.33;0.44;Arturo Umberto Illia;AIllia;UCRP;31.9;Ganador;Alterna;0;0;0;90;0;0;105;0;0;0;0;20;0;215;0;195;0;0;20;0.91;0.09
ARG;90;1963;;1909;54;36;12.64;12.64;0.00;Oscar Eduardo Alende;Oalende;UCRI;20.82;Perdedor;Mantiene;0;0;99;100;0;0;161;0;95;0;0;0;0;455;99;261;95;0;0;1;0
ARG;91;1963;;1903;60;42;13.86;13.38;0.48;Pedro Eugenio Aramburu;PAramburu;UDELPA;17.81;Perdedor;Alterna;130;0;0;0;387;0;0;0;45;0;0;20;0;582;130;387;45;0;20;0.97;0.03
ARG;92;1963;;1884;79;61;2.28;2.28;0.00;Emilio Felipe Olmos;EOlmos;PD;6.69;Perdedor;Alterna;0;0;0;0;0;0;0;54;85;0;0;0;0;139;0;0;139;0;0;1;0
ARG;93;1963;;1923;40;22;7.18;6.36;0.82;Horacio Jorge Sueldo;HSueldo;PDC;5.68;Perdedor;Alterna;0;0;0;0;0;0;0;0;140;0;0;18;0;158;0;0;140;0;18;0.89;0.11
ARG;94;1963;;1878;85;67;7.12;6.67;0.45;Alfredo Palacios;Apalacios;PSA;3.64;Perdedor;Alterna;0;0;88;0;0;0;224;0;135;0;30;0;0;477;88;224;135;30;0;0.94;0.06
ARG;95;1963;;1900;63;45;7.13;5.80;1.33;Alfredo Orgaz;AOrgaz;PSD;3.38;Perdedor;Alterna;0;0;0;0;0;216;0;0;45;0;60;0;0;321;0;216;45;60;0;0.81;0.19
ARG;96;1966;;1914;52;34;5.29;5.29;0.00;Juan Carlos Onganía;JCOngania;Revolución Argentina;0;De facto;Despoja;0;0;0;0;180;0;0;0;0;0;0;0;0;180;0;180;0;0;0;1;0
ARG;97;1970;;1920;50;32;13.72;13.72;0.00;Roberto Marcelo Levingston;RLevingston;Revolución Argentina;0;De facto;Despoja;0;0;187;0;252;0;0;0;0;0;0;0;0;439;187;252;0;0;0;1;0
ARG;98;1971;;1918;53;35;17.74;17.74;0.00;Alejandro Agustín Launsse;ALanusse;Revolución Argentina;0;De facto;Despoja;0;0;198;0;423;0;0;0;0;0;0;0;0;621;198;423;0;0;0;1;0
ARG;99;1973;;1895;78;60;14.62;14.28;0.33;Juan Domingo Perón;JDPerón;FREJULI, PIF;61.85;Ganador;Mantiene;260;120;220;0;72;0;0;0;185;0;0;20;0;877;600;72;185;0;20;0.98;0.02
ARG;100;1973;;1904;69;51;7.61;7.22;0.39;Ricardo Balbin;Rbalbín;UCR ;24.42;Perdedor;Alterna;0;0;77;0;0;0;56;0;235;0;0;20;0;388;77;56;235;0;20;0.95;0.05
ARG;101;1973;;1919;54;36;16.11;16.11;0.00;Francisco Guillermo Manrique;Fmanrique;APF;12.19;Perdedor;Mantiene;0;0;220;0;315;0;0;0;45;0;0;0;0;580;220;315;45;0;0;1;0
ARG;102;1973;;1933;40;22;5.41;4.59;0.82;Juan Carlos Hipólito Coral;JCCoral;PST;1.52;Perdedor;Alterna;0;0;0;0;0;0;56;0;45;0;0;18;0;119;0;56;45;0;18;0.85;0.15
ARG;103;1973;;1909;64;46;11.96;11.96;0.00;Oscar Eduardo Alende;Oalende;APR;7.4;Perdedor;Alterna;0;0;99;100;0;0;161;0;190;0;0;0;0;550;99;261;190;0;0;1;0
ARG;104;1973;;1913;60;42;22.50;19.45;3.05;Álvaro Carlos Alsogaray;Aalsogaray;NF;2.07;Perdedor;Alterna;0;0;627;;45;0;0;0;145;80;48;0;0;945;627;45;145;128;0;0.86;0.14
ARG;105;1974;;1931;43;25;8.60;8.60;0.00;María Estela Martínez de Perón;EPeron;FREJULI;0;De facto;Interino;0;120;0;0;0;0;0;0;95;0;0;0;0;215;120;0;95;0;0;1;0
ARG;106;1976;;1925;51;33;17.27;17.27;0.00;Jorge Rafael Videla;JVidela;Proceso de Reorganizacion Nacional;0;De facto;Despoja;0;0;110;100;360;0;0;0;0;0;0;0;0;570;110;460;0;0;0;1;0
ARG;107;1981;a;1924;57;39;14.36;14.36;0.00;Roberto Eduardo Viola;RViola;Proceso de Reorganizacion Nacional;0;De facto;Despoja;0;0;110;0;450;0;0;0;0;0;0;0;0;560;110;450;0;0;0;1;0
ARG;108;1981;b;1926;55;37;14.16;14.16;0.00;Leopoldo Fortunato Galtieri;LGaltieri;Proceso de Reorganizacion Nacional;0;De facto;Despoja;0;0;110;0;414;0;0;0;0;0;0;0;0;524;110;414;0;0;0;1;0
ARG;109;1982;;1928;54;36;12.81;12.81;0.00;Reynaldo Benito Antonio Bignone;RBignone;Proceso de Reorganizacion Nacional;0;De facto;Despoja;0;0;110;0;351;0;0;0;0;0;0;0;0;461;110;351;0;0;0;1;0
ARG;110;1983;;1927;56;38;9.92;7.82;2.11;Raúl Ricardo Alfonsín;RRalfonsín;UCR ;51.75;Ganador;Restaura;0;0;0;0;0;0;154;48;95;0;60;20;0;377;0;154;143;60;20;0.79;0.21
ARG;111;1983;;1916;67;49;8.71;8.71;0.00;Ítalo Argentino Luder;Iluder;PJ;40.6;Perdedor;Recupera;130;0;0;0;0;0;252;0;45;0;0;0;0;427;130;252;45;0;0;1;0
ARG;112;1983;;1909;74;56;10.63;10.63;0.00;Oscar Eduardo Alende;Oalende;PI;2.33;Perdedor;Alterna;0;0;99;100;0;0;161;0;235;0;0;0;0;595;99;261;235;0;0;1;0
ARG;113;1983;;1914;69;51;6.22;4.80;1.41;Rogelio Frigerio;Rfrigerio;MID;1.19;Perdedor;Alterna;0;0;110;0;0;0;0;0;135;72;0;0;0;317;110;0;135;72;0;0.77;0.23
ARG;114;1983;;1919;64;46;13.59;13.59;0.00;Francisco Guillermo Manrique;Fmanrique;AF;0.7;Perdedor;Alterna;0;0;220;0;315;0;0;0;90;0;0;0;0;625;220;315;90;0;0;1;0
ARG;115;1983;;1913;70;52;20.00;17.54;2.46;Álvaro Carlos Alsogaray;Aalsogaray;CNC;0.4;Perdedor;Alterna;0;0;627;0;45;0;0;0;240;80;48;0;0;1040;627;45;240;128;0;0.88;0.12
ARG;116;1983;;1933;50;32;9.06;9.06;0.00;Rafael Juan Martínez Raymonda;Rmartínez;ADS;0.32;Perdedor;Alterna;0;0;88;0;0;0;112;0;90;0;0;0;0;290;88;112;90;0;0;1;0
ARG;117;1983;;1927;56;38;5.16;5.16;0.00;Francisco Cerro;Fcerro;PDC;0.31;Perdedor;Alterna;0;0;0;0;0;0;56;0;140;0;0;0;0;196;0;56;140;0;0;1;0
ARG;118;1983;;1948;35;17;4.41;2.65;1.76;Luis Fernando Zamora;Lzamora;MAS;0.28;Perdedor;Alterna;0;0;0;0;0;0;0;0;45;0;30;0;0;75;0;0;45;30;0;0.6;0.4
ARG;119;1983;;1930;53;35;6.54;4.14;2.40;Guillermo Emilio Estévez Boero;Gestevez;PSP;0.14;Perdedor;Alterna;0;0;0;0;0;0;0;0;145;0;84;0;0;229;0;0;145;84;0;0.63;0.37
ARG;120;1983;;1921;62;44;4.43;3.30;1.14;Jorge Abelardo Ramos;Jramos;FIP;0.1;Perdedor;Alterna;0;0;0;0;0;0;0;0;145;0;30;20;0;195;0;0;145;30;20;0.74;0.26
ARG;121;1983;;1934;49;31;2.42;1.45;0.97;Gregorio Flores;Gflores;PO;0.09;Perdedor;Alterna;0;0;0;0;0;0;0;0;45;0;30;0;0;75;0;0;45;30;0;0.6;0.4
ARG;122;1989;;1930;59;41;7.93;7.20;0.73;Carlos Menem;Cmenem;PJ;47.49;Ganador;Alterna;0;0;0;200;0;0;0;0;95;0;30;0;0;325;0;200;95;30;0;0.91;0.09
ARG;123;1989;;1931;58;40;15.15;14.90;0.25;Eduardo César Angeloz;Eangeloz;UCR,CFI;36.79;Perdedor;Alterna;0;0;0;300;0;0;161;0;135;0;0;10;0;606;0;461;135;0;10;0.98;0.02
ARG;124;1989;;1913;76;58;21.50;19.29;2.21;Álvaro Carlos Alsogaray;Aalsogaray;UcdeDe;6.23;Perdedor;Alterna;0;0;627;0;45;0;112;0;335;80;48;0;0;1247;627;157;335;128;0;0.9;0.1
ARG;125;1989;;1931;58;40;2.00;2.00;0.00;José Corzo Gómez;Jcorzo;BJ;1.88;Perdedor;Alterna;0;0;0;0;0;0;0;0;80;0;0;0;0;80;0;0;80;0;0;1;0
ARG;126;1989;;1926;63;45;14.22;14.22;0.00;Antonio Domingo Bussi;ADBussi;FR ;1.1;Perdedor;Alterna;0;0;0;100;495;0;0;0;45;0;0;0;0;640;0;595;45;0;0;1;0
ARG;127;1989;;1945;44;26;5.38;5.38;0.00;Néstor Vicente;Nvicente;AIU;2.4;Perdedor;Alterna;0;0;0;0;0;0;0;0;140;0;0;0;0;140;0;0;140;0;0;1;0
ARG;128;1989;;1930;59;41;8.78;6.00;2.78;Guillermo Emilio Estévez Boero;Gestevez;AUS;1.41;Perdedor;Alterna;0;0;0;0;0;0;56;0;190;0;114;0;0;360;0;56;190;114;0;0.68;0.32
ARG;129;1989;;1942;47;29;8.10;5.00;3.10;Jorge Altamira;Jaltamira;PO;0.27;Perdedor;Alterna;0;0;0;0;0;0;0;0;145;0;90;0;0;235;0;0;145;90;0;0.62;0.38
ARG;130;1995;;1930;65;47;11.70;11.06;0.64;Carlos Menem;Cmenem;UCD ;49.94;Ganador;Conserva;130;0;0;200;0;0;0;0;190;0;30;0;0;550;130;200;190;30;0;0.95;0.05
ARG;131;1995;;1945;50;32;9.59;9.59;0.00;José Octavio Bordón;JOBordón;FPS;29.3;Perdedor;Alterna;0;0;0;100;0;0;112;0;95;0;0;0;0;307;0;212;95;0;0;1;0
ARG;132;1995;;1948;47;29;17.10;17.10;0.00;Horacio Massaccesi;Hmassaccesi;UCR ;16.99;Perdedor;Alterna;0;0;0;290;0;0;161;0;45;0;0;0;0;496;0;451;45;0;0;1;0
ARG;133;1995;;1944;51;33;11.79;10.58;1.21;Aldo Rico;Arico;MDI;1.78;Perdedor;Alterna;0;0;0;0;135;0;119;0;95;0;0;40;0;389;0;254;95;0;40;0.9;0.1
ARG;134;1995;;1936;59;41;4.73;4.00;0.73;Fernando Solanas;Fsolanas;AS;0.41;Perdedor;Alterna;0;0;0;0;0;0;119;0;45;0;30;0;0;194;0;119;45;30;0;0.85;0.15
ARG;135;1995;;1929;66;48;10.60;8.73;1.88;Fernando López de Zavalía;Flópez;FR ;0.37;Perdedor;Alterna;0;0;0;0;0;192;182;0;45;0;90;0;0;509;0;374;45;90;0;0.82;0.18
ARG;136;1995;;1948;47;29;6.07;5.03;1.03;Luis Fernando Zamora;Lzamora;MST;0.26;Perdedor;Alterna;0;0;0;0;0;0;56;0;90;0;30;0;0;176;0;56;90;30;0;0.83;0.17
ARG;137;1995;;1942;53;35;8.00;5.43;2.57;Jorge Altamira;Jaltamira;AFUTO;0.19;Perdedor;Alterna;0;0;0;0;0;0;0;0;190;0;90;0;0;280;0;0;190;90;0;0.68;0.32
ARG;138;1995;;1956;39;21;4.05;4.05;0.00;Mario Mazzitelli;Mmazzitelli;PSA;0.18;Perdedor;Alterna;0;0;0;0;0;0;0;0;85;0;0;0;0;85;0;0;85;0;0;1;0
ARG;139;1995;;1950;45;27;3.52;3.52;0.00;Lía Méndez;Lméndez;PH;0.18;Perdedor;Alterna;0;0;0;0;0;0;0;0;95;0;0;0;0;95;0;0;95;0;0;1;0
ARG;140;1995;;1956;39;21;3.57;2.14;1.43;Alcidides Christiansen;Achristiansen;AMS;0.16;Perdedor;Alterna;0;0;0;0;0;0;0;0;45;0;30;0;0;75;0;0;45;30;0;0.6;0.4
ARG;141;1995;;1949;46;28;6.14;3.39;2.75;Humerto Miguel Tumini;Htumini;CPL;0.14;Perdedor;Alterna;0;0;0;0;0;0;0;0;95;0;57;20;0;172;0;0;95;57;20;0.55;0.45
ARG;142;1995;;1920;75;57;2.89;2.54;0.35;Amílcar Santucho;Asantucho;MDA;0.08;Perdedor;Alterna;0;0;0;0;0;0;0;0;145;0;0;20;0;165;0;0;145;0;20;0.88;0.12
ARG;143;1995;;1924;71;53;9.09;8.53;0.57;Ricardo Alberto Paz;RAPaz;AFCP;0.02;Perdedor;Alterna;0;0;407;0;0;0;0;0;45;0;30;0;0;482;407;0;45;30;0;0.94;0.06
ARG;144;1999;;1937;62;44;10.91;10.91;0.00;Fernando de la Rúa;FdelaRua;UCR ;48.37;Ganador;Mantiene;0;0;0;0;0;0;280;60;140;0;0;0;0;480;0;280;200;0;0;1;0
ARG;145;1999;;1941;58;40;13.95;13.95;0.00;Eduardo Duhalde;Eduhalde;PJ;38.27;Perdedor;Alterna;0;120;0;100;0;0;119;174;45;0;0;0;0;558;120;219;219;0;0;1;0
ARG;146;1999;;1946;53;35;22.91;20.74;2.17;Domingo Felipe Cavallo;Dcavallo;AR;10.22;Perdedor;Alterna;0;0;429;90;0;0;112;0;95;76;0;0;0;802;429;202;95;76;0;0.91;0.09
ARG;147;1999;;1952;47;29;3.86;2.41;1.45;Patricia Walsh;Pwalsh;AIU;0.8;Perdedor;Alterna;0;0;0;0;0;0;0;0;70;12;30;0;0;112;0;0;70;42;0;0.63;0.38
ARG;148;1999;;1950;49;31;4.52;4.52;0.00;Lía Méndez;Lméndez;PH;0.7;Perdedor;Alterna;0;0;0;0;0;0;0;0;140;0;0;0;0;140;0;0;140;0;0;1;0
ARG;149;1999;;1942;57;39;8.33;6.03;2.31;Jorge Altamira;Jaltamira;PO;0.6;Perdedor;Alterna;0;0;0;0;0;0;0;0;235;0;90;0;0;325;0;0;235;90;0;0.72;0.28
ARG;150;1999;;1949;50;32;6.47;4.38;2.09;Jorge Reyna;Jreyna;AFR;0.29;Perdedor;Alterna;0;0;0;0;0;0;0;0;140;0;27;40;0;207;0;0;140;27;40;0.68;0.32
ARG;151;1999;;1948;51;33;4.39;3.18;1.21;Juan Ricardo Mussa;JRMussa;ASC;0.28;Perdedor;Alterna;0;0;0;0;0;0;0;0;105;40;0;0;0;145;0;0;105;40;0;0.72;0.28
ARG;152;1999;;1950;49;31;4.03;3.06;0.97;José Alberto Montes;Jmontes;PTS;0.24;Perdedor;Alterna;0;0;0;0;0;0;0;0;95;0;30;0;0;125;0;0;95;30;0;0.76;0.24
ARG;153;1999;;1929;70;52;3.37;2.79;0.58;Domingo Quarracino;Dquarracino;PSA;0.23;Perdedor;Alterna;0;0;0;0;0;0;0;0;145;0;30;0;0;175;0;0;145;30;0;0.83;0.17
ARG;154;2001;;1947;54;36;18.17;18.17;0.00;Adolfo Rodríguez Saá;Arodriguezsaa;;0;De facto;Interino;0;0;0;500;0;0;119;0;35;0;0;0;0;654;0;619;35;0;0;1;0
ARG;155;2002;;1941;61;43;14.28;14.28;0.00;Eduardo Duhalde;Eduhalde;Asamblea ;0;De facto;Interino;0;120;0;100;0;0;175;174;45;0;0;0;0;614;120;275;219;0;0;1;0
ARG;156;2003;;1930;73;55;14.09;13.55;0.55;Carlos Menem;Cmenem;PJ;24.45;Ganador;Recupera;260;0;0;200;0;0;0;0;285;0;30;0;0;775;260;200;285;30;0;0.96;0.04
ARG;157;2003;;1950;53;35;12.71;11.57;1.14;Néstor Kirchner;Nkirchner;FPV;22.25;Ganador;Alterna;0;0;0;300;0;0;0;60;45;40;0;0;0;445;0;300;105;40;0;0.91;0.09
ARG;158;2003;;1951;52;34;13.38;12.50;0.88;Ricardo López Murphy;RlopezM;MFR;16.37;Perdedor;Alterna;0;0;330;0;0;0;0;0;95;0;30;0;0;455;330;0;95;30;0;0.93;0.07
ARG;159;2003;;1947;56;38;23.29;23.29;0.00;Adolfo Rodríguez Saá;Arodriguezsaa;MPUL;14.11;Perdedor;Alterna;130;0;0;500;0;0;175;0;80;0;0;0;0;885;130;675;80;0;0;1;0
ARG;160;2003;;1956;47;29;12.28;12.28;0.00;Elisa María Avelina Carrió;Ecarrió;ARI;14.05;Perdedor;Alterna;0;0;0;0;0;136;175;0;45;0;0;0;0;356;0;311;45;0;0;1;0
ARG;161;2003;;1946;57;39;10.85;10.85;0.00;Leopoldo Moreau;Lmoreau;UCR ;2.34;Perdedor;Alterna;0;0;0;0;0;0;343;0;80;0;0;0;0;423;0;343;80;0;0;1;0
ARG;162;2003;;1952;51;33;5.70;4.42;1.27;Patricia Walsh;Pwalsh;AIU;1.72;Perdedor;Alterna;0;0;0;0;0;0;56;0;90;12;30;0;0;188;0;56;90;42;0;0.78;0.22
ARG;163;2003;;1925;78;60;7.58;6.13;1.45;Alfredo Bravo;Abravo;PS;1.12;Perdedor;Alterna;0;0;99;0;0;0;224;0;45;0;87;0;0;455;99;224;45;87;0;0.81;0.19
ARG;164;2003;;1942;61;43;9.91;7.81;2.09;Jorge Altamira;Jaltamira;PO;0.72;Perdedor;Alterna;0;0;0;0;0;0;56;0;280;0;90;0;0;426;0;56;280;90;0;0.79;0.21
ARG;165;2003;;1944;59;41;8.59;8.59;0.00;Enrique Carlos Venturino;Eventurino;CPSVT;0.67;Perdedor;Alterna;0;0;0;0;207;0;0;0;145;0;0;0;0;352;0;207;145;0;0;1;0
ARG;166;2003;;1954;49;31;2.42;1.45;0.97;Guillermo Sullings;Gsullings;PH;0.55;Perdedor;Alterna;0;0;0;0;0;0;0;0;45;0;30;0;0;75;0;0;45;30;0;0.6;0.4
ARG;167;2003;;1963;40;22;3.41;2.05;1.36;José Carlos Arcagni;JCArcagni;ATC;0.33;Perdedor;Alterna;0;0;0;0;0;0;0;0;45;30;0;0;0;75;0;0;45;30;0;0.6;0.4
ARG;168;2003;;1956;47;29;6.38;6.38;0.00;Mario Mazzitello;Mmazzitelli;PSA;0.26;Perdedor;Alterna;0;0;0;0;0;0;0;0;185;0;0;0;0;185;0;0;185;0;0;1;0
ARG;169;2003;;1956;47;29;3.24;3.24;0.00;Carlos Alberto Zaffore;Czaffore;MID;0.25;Perdedor;Alterna;0;0;0;0;0;0;49;0;45;0;0;0;0;94;0;49;45;0;0;1;0
ARG;170;2003;;1954;49;31;3.71;1.45;2.26;Manuel Herrera;Mherrera;PDC;0.25;Perdedor;Alterna;0;0;0;0;0;0;0;0;45;40;30;0;0;115;0;0;45;70;0;0.39;0.61
ARG;171;2003;;1953;50;32;7.84;6.91;0.94;Gustavo Breide Obeid;Gbreide;PPR;0.22;Perdedor;Alterna;0;0;0;0;126;0;0;0;95;0;30;0;0;251;0;126;95;30;0;0.88;0.12
ARG;172;2003;;1948;55;37;5.14;4.05;1.08;Juan Ricardo Mussa;JRMussa;AUD;0.2;Perdedor;Alterna;0;0;0;0;0;0;0;0;150;40;0;0;0;190;0;0;150;40;0;0.79;0.21
ARG;173;2003;;1950;53;35;3.09;3.09;0.00;Ricardo César Terán;Rterán;MDI;0.16;Perdedor;Alterna;0;0;0;0;63;0;0;0;45;0;0;0;0;108;0;63;45;0;0;1;0
ARG;174;2007;;1953;54;36;15.94;14.28;1.67;Cristina Fernández;Cfernandez;AFV;45.28;Ganador;Mantiene;0;0;0;90;0;0;329;0;95;0;60;0;0;574;0;419;95;60;0;0.9;0.1
ARG;175;2007;;1956;51;33;13.85;13.85;0.00;Elisa María Avelina Carrió;Ecarrió;ACCC;23.05;Perdedor;Alterna;0;0;0;0;0;136;231;0;90;0;0;0;0;457;0;367;90;0;0;1;0
ARG;176;2007;;1942;65;47;17.81;17.81;0.00;Roberto Lavagna;Rlavagna;ACNA;16.91;Perdedor;Alterna;0;0;792;0;0;0;0;0;45;0;0;0;0;837;792;0;45;0;0;1;0
ARG;177;2007;;1949;58;40;13.80;13.13;0.68;Alberto Rodríguez Saá;AlRodriguezSaa;AFJUL;7.64;Perdedor;Recupera;0;0;0;200;0;0;280;0;45;0;27;0;0;552;0;480;45;27;0;0.95;0.05
ARG;178;2007;;1936;71;53;4.51;3.94;0.57;Fernando Solanas;Fsolanas;PSA;1.58;Perdedor;Alterna;0;0;0;0;0;0;119;0;90;0;30;0;0;239;0;119;90;30;0;0.87;0.13
ARG;179;2007;;1951;56;38;11.97;11.18;0.79;Ricardo López Murphy;RlopezM;RecCrec;1.43;Perdedor;Alterna;0;0;330;0;0;0;0;0;95;0;30;0;0;455;330;0;95;30;0;0.93;0.07
ARG;180;2007;;1943;64;46;9.96;9.96;0.00;Jorge Sobisch;Jsobisch;MPU,MAV, MDI, UP;1.4;Perdedor;Alterna;0;0;0;300;0;0;63;0;95;0;0;0;0;458;0;363;95;0;0;1;0
ARG;181;2007;;1954;53;35;5.83;1.89;3.94;Vilma Ripoll;Vripoll;MST;0.75;Perdedor;Alterna;0;0;0;0;0;0;21;0;45;0;138;0;0;204;0;21;45;138;0;0.32;0.68
ARG;182;2007;;1952;55;37;5.32;3.92;1.41;Néstor Pitrola;Npitrola;PO;0.61;Perdedor;Alterna;0;0;0;0;0;0;0;0;145;32;20;0;0;197;0;0;145;52;0;0.74;0.26
ARG;183;2007;;1950;57;39;4.36;3.59;0.77;José Montes;Jmontes;AFITS;0.44;Perdedor;Alterna;0;0;0;0;0;0;0;0;140;0;30;0;0;170;0;0;140;30;0;0.82;0.18
ARG;184;2007;;1942;65;47;4.04;4.04;0.00;Luis Alberto Ammann;Lammann;AFAUL;0.37;Perdedor;Alterna;0;0;0;0;0;0;0;0;190;0;0;0;0;190;0;0;190;0;0;1;0
ARG;185;2007;;1953;54;36;2.92;1.25;1.67;Raúl Castells;Rcastells;MIJD;0.26;Perdedor;Alterna;0;0;0;0;0;0;0;0;45;0;60;0;0;105;0;0;45;60;0;0.43;0.57
ARG;186;2007;;1953;54;36;8.22;7.39;0.83;Gustavo Breide Obeid;Gbreide;PPR;0.24;Perdedor;Alterna;0;0;0;0;126;0;0;0;140;0;30;0;0;296;0;126;140;30;0;0.9;0.1
ARG;187;2007;;1948;59;41;5.73;4.76;0.98;Juan Ricardo Mussa;JRMussa;CLP;0.06;Perdedor;Alterna;0;0;0;0;0;0;0;0;195;40;0;0;0;235;0;0;195;40;0;0.83;0.17
ARG;188;2011;;1953;58;40;18.73;17.23;1.50;Cristina Fernández;Cfernandez;AFV;47.98;Ganador;Conserva;130;0;0;90;0;0;329;0;140;0;60;0;0;749;130;419;140;60;0;0.92;0.08
ARG;189;2011;;1951;60;42;4.64;4.64;0.00;Ricardo Alfonsin 2;Ricalfonsín;AUDS;11.65;Perdedor;Alterna;0;0;0;0;0;0;105;0;90;0;0;0;0;195;0;105;90;0;0;1;0
ARG;190;2011;;1941;70;52;15.17;15.17;0.00;Eduardo Duhalde;Eduhalde;AFP;11.57;Perdedor;Alterna;130;120;0;100;0;0;175;174;90;0;0;0;0;789;250;275;264;0;0;1;0
ARG;191;2011;;1943;68;50;14.52;14.22;0.30;Hermes Binner;Hbinner;AFAP;9.72;Perdedor;Alterna;0;0;0;280;0;0;56;330;45;0;15;0;0;726;0;336;375;15;0;0.98;0.02
ARG;192;2011;;1949;62;44;15.57;14.95;0.61;Alberto Rodríguez Saá;AlRodriguezSaa;ACF;7.8;Perdedor;Recupera;0;0;88;200;0;0;280;0;90;0;27;0;0;685;88;480;90;27;0;0.96;0.04
ARG;193;2011;;1956;55;37;15.08;15.08;0.00;Elisa María Avelina Carrió;Ecarrió;CCARI;3.07;Perdedor;Alterna;0;0;0;0;0;136;287;0;135;0;0;0;0;558;0;423;135;0;0;1;0
ARG;194;2011;;1942;69;51;9.24;7.47;1.76;Jorge Altamira;Jaltamira;AFITS;2.35;Perdedor;Alterna;0;0;0;0;0;0;56;0;325;0;90;0;0;471;0;56;325;90;0;0.81;0.19
ARG;195;2011;;1940;71;53;6.53;6.02;0.51;Alcira Argumedo;Aargumedo;APS;0.85;Perdedor;Alterna;0;0;88;90;0;0;56;0;85;0;27;0;0;346;88;146;85;27;0;0.92;0.08
ARG;196;2011;;1967;44;26;5.00;5.00;0.00;Sergio Pastore;Spastore;MAV;0.29;Perdedor;Alterna;0;0;0;0;0;0;35;0;95;0;0;0;0;130;0;35;95;0;0;1;0
ARG;197;2011;;1966;45;27;4.93;4.93;0.00;José Bonacci;Jbonacci;PCP;0.22;Perdedor;Alterna;0;0;0;0;0;0;0;48;85;0;0;0;0;133;0;0;133;0;0;1;0
ARG;198;2015;;1957;58;40;22.83;19.93;2.90;Daniel Scioli;Dscioli;FPV;37.08;Perdedor;Mantiene;0;120;220;200;0;0;112;0;145;116;0;0;0;913;340;312;145;116;0;0.87;0.13
ARG;199;2015;;1959;56;38;32.61;9.24;23.37;Mauricio Macri;Mmacri;Cambiemos;34.15;Ganador;Alterna;0;0;0;200;0;0;56;0;95;888;0;0;0;1239;0;256;95;888;0;0.28;0.72
ARG;200;2015;;1972;43;25;27.64;27.64;0.00;Sergio Massa;SMassa;INA;21.39;Perdedor;Alterna;0;0;374;0;0;0;112;120;85;0;0;0;0;691;374;112;205;0;0;1;0
ARG;201;2015;;1980;35;17;10.06;8.29;1.76;Nicolás del Caño;Ncaño;FIT;3.23;Perdedor;Alterna;0;0;0;0;0;0;56;0;85;0;30;0;0;171;0;56;85;30;0;0.82;0.18
ARG;202;2015;;1955;60;42;8.36;8.36;0.00;Margarita Stolbizer;Mstolbizer;Progresistas;2.51;Perdedor;Alterna;0;0;0;0;0;0;168;48;135;0;0;0;0;351;0;168;183;0;0;1;0
ARG;203;2015;;1947;68;50;19.72;19.72;0.00;Adolfo Rodríguez Saá;Arodriguezsaa;FC ;1.64;Perdedor;Alterna;130;0;0;500;0;0;231;0;125;0;0;0;0;986;130;731;125;0;0;1;0
ARG;204;2019;;1959;60;42;29.88;24.71;5.17;Alberto Ángel Fernández ;AFernandez;PJ;47.94;Ganador;Recupera;0;0;605;180;0;64;49;0;140;160;57;0;0;1255;605;293;140;217;0;0.83;0.17
ARG;205;2019;;1959;60;42;39.24;18.10;21.14;Mauricio Macri;Mmacri;PRO ;41.42;Perdedor;Conserva;364;0;0;200;0;0;56;0;140;888;0;0;0;1648;364;256;140;888;0;0.46;0.54
ARG;206;2019;;1942;77;59;15.12;14.61;0.51;Roberto Lavagna;Rlavagna;Independiente;6.14;Perdedor;Alterna;0;0;792;0;0;0;0;0;70;0;30;0;0;892;792;0;70;30;0;0.97;0.03
ARG;207;2019;;1980;39;21;12.95;11.52;1.43;Nicolás del Caño;NCaño;FIU;2.16;Perdedor;Alterna;0;0;0;0;0;0;112;0;130;0;30;0;0;272;0;112;130;30;0;0.89;0.11
ARG;208;2019;;1958;61;43;17.60;17.60;0.00;Juan José Gomez Centurión;JJGomez;Frente NOS;1.71;Perdedor;Alterna;0;0;275;90;297;0;0;0;95;0;0;0;0;757;275;387;95;0;0;1;0
ARG;209;2019;;1961;58;40;1.80;0.00;1.80;José Luis Espert;JEspert;Independiente;1.47;Perdedor;Alterna;0;0;0;0;0;0;0;0;0;72;0;0;0;72;0;0;0;72;0;0;1
ARG;210;2023;;1970;53;35;5.23;4.31;0.91;Javier Milei;JMilei;Libertad Avanza;30;Ganador;Alterna;0;0;0;0;0;0;56;0;95;32;0;0;0;183;0;56;95;32;0;0.83;0.17
ARG;211;2023;;1956;67;49;16.22;14.71;1.51;Patricia Bulrich;PBulrich;Juntos por el cambio;23.81;Perdedor;Recupera;0;0;429;80;0;0;112;0;100;0;0;74;0;795;429;192;100;0;74;0.91;0.09
ARG;212;2023;;1972;51;33;28.09;28.09;0.00;Sergio Massa;SMassa;Unidos por la Patria;36.78;Perdedor;Mantiene;0;0;484;0;0;0;238;120;85;0;0;0;0;927;484;238;205;0;0;1;0
ARG;213;2023;;1949;74;56;21.61;20.39;1.21;Juan Schiaretti;JSchiaretti;Hacemos por nuestro país;6.73;Perdedor;Alterna;0;0;275;570;54;0;168;0;75;68;0;0;0;1210;275;792;75;68;0;0.94;0.06
ARG;214;2023;;1972;51;33;10.70;7.97;2.73;Myriam Bregman;MBregman;Frente de Izquierda;2.69;Perdedor;Alterna;0;0;0;0;0;0;168;0;95;0;90;0;0;353;0;168;95;90;0;0.75;0.25
