Source,Target,Type,Id,Label,Weight
2,15,Directed,e1,,1
2,29,Directed,e2,,1
2,32,Directed,e3,,1
2,34,Directed,e4,,1
2,35,Directed,e5,,1
2,36,Directed,e6,,1
2,37,Directed,e7,,1
2,45,Directed,e8,,1
2,65,Directed,e9,,1
4,17,Directed,e10,,2
4,23,Directed,e11,,1
4,26,Directed,e12,,1
4,43,Directed,e13,,1
4,44,Directed,e14,,1
4,45,Directed,e15,,1
4,151,Directed,e16,,1
4,152,Directed,e17,,1
5,18,Directed,e18,,1
5,26,Directed,e19,,1
5,43,Directed,e20,,1
5,44,Directed,e21,,1
5,64,Directed,e22,,1
5,70,Directed,e23,,1
5,134,Directed,e24,,1
5,144,Directed,e25,,1
5,155,Directed,e26,,1
7,18,Directed,e27,,1
7,26,Directed,e28,,1
7,39,Directed,e29,,1
7,43,Directed,e30,,1
7,44,Directed,e31,,1
7,46,Directed,e32,,1
7,71,Directed,e33,,1
7,94,Directed,e34,,1
9,20,Directed,e35,,1
9,26,Directed,e36,,1
9,27,Directed,e37,,1
9,29,Directed,e38,,1
9,31,Directed,e39,,1
9,39,Directed,e40,,1
9,49,Directed,e41,,1
9,51,Directed,e42,,1
9,52,Directed,e43,,1
9,72,Directed,e44,,1
9,73,Directed,e45,,1
9,74,Directed,e46,,1
9,88,Directed,e47,,1
9,144,Directed,e48,,1
9,146,Directed,e49,,1
9,156,Directed,e50,,1
10,21,Directed,e51,,1
10,26,Directed,e52,,1
10,39,Directed,e53,,1
10,53,Directed,e54,,1
10,71,Directed,e55,,1
10,126,Directed,e56,,1
11,22,Directed,e57,,1
11,26,Directed,e58,,1
11,29,Directed,e59,,1
11,31,Directed,e60,,1
11,39,Directed,e61,,1
11,53,Directed,e62,,1
11,55,Directed,e63,,1
11,56,Directed,e64,,1
11,73,Directed,e65,,1
11,75,Directed,e66,,1
11,158,Directed,e67,,1
15,132,Directed,e68,,1
16,86,Directed,e69,,1
16,136,Directed,e70,,1
17,111,Directed,e71,,1
17,146,Directed,e72,,1
17,154,Directed,e73,,1
20,146,Directed,e74,,1
23,17,Directed,e75,,1
24,17,Directed,e76,,1
25,19,Directed,e77,,1
26,29,Directed,e78,,1
27,14,Directed,e79,,1
28,19,Directed,e80,,1
30,22,Directed,e81,,1
31,33,Directed,e82,,1
31,37,Directed,e83,,1
31,51,Directed,e84,,1
31,118,Directed,e85,,1
31,158,Directed,e86,,1
32,37,Directed,e87,,1
32,57,Directed,e88,,1
35,34,Directed,e89,,1
36,26,Directed,e90,,1
36,34,Directed,e91,,1
38,31,Directed,e92,,1
39,26,Directed,e93,,1
40,16,Directed,e94,,1
41,17,Directed,e95,,1
42,30,Directed,e96,,1
42,41,Directed,e97,,1
43,17,Directed,e98,,1
44,43,Directed,e99,,1
45,22,Directed,e100,,1
46,18,Directed,e101,,1
46,137,Directed,e102,,1
47,22,Directed,e103,,1
48,24,Directed,e104,,1
49,18,Directed,e105,,1
53,47,Directed,e106,,1
54,21,Directed,e107,,1
55,54,Directed,e108,,1
57,22,Directed,e109,,1
57,31,Directed,e110,,1
58,15,Directed,e111,,1
59,15,Directed,e112,,1
60,50,Directed,e113,,1
61,16,Directed,e114,,1
62,20,Directed,e115,,1
63,62,Directed,e116,,1
64,16,Directed,e117,,1
65,17,Directed,e118,,1
66,16,Directed,e119,,1
67,16,Directed,e120,,1
68,16,Directed,e121,,1
69,16,Directed,e122,,1
70,26,Directed,e123,,1
71,14,Directed,e124,,1
72,16,Directed,e125,,1
72,146,Directed,e126,,1
73,18,Directed,e127,,1
74,19,Directed,e128,,1
74,26,Directed,e129,,1
74,27,Directed,e130,,1
74,44,Directed,e131,,1
74,46,Directed,e132,,1
74,55,Directed,e133,,1
74,96,Directed,e134,,1
76,16,Directed,e135,,1
77,15,Directed,e136,,1
77,29,Directed,e137,,1
77,40,Directed,e138,,1
77,59,Directed,e139,,1
77,84,Directed,e140,,1
77,135,Directed,e141,,1
82,26,Directed,e142,,1
83,16,Directed,e143,,1
84,83,Directed,e144,,1
85,16,Directed,e145,,1
85,26,Directed,e146,,1
85,29,Directed,e147,,1
85,39,Directed,e148,,1
85,42,Directed,e149,,1
85,44,Directed,e150,,1
85,76,Directed,e151,,1
85,86,Directed,e152,,1
85,135,Directed,e153,,1
88,14,Directed,e154,,1
88,18,Directed,e155,,1
88,26,Directed,e156,,1
88,39,Directed,e157,,1
88,44,Directed,e158,,1
88,89,Directed,e159,,1
88,90,Directed,e160,,1
88,127,Directed,e161,,1
88,128,Directed,e162,,1
88,146,Directed,e163,,1
89,46,Directed,e164,,1
90,14,Directed,e165,,1
91,17,Directed,e166,,1
91,18,Directed,e167,,1
91,26,Directed,e168,,1
91,39,Directed,e169,,1
91,42,Directed,e170,,1
91,46,Directed,e171,,1
91,88,Directed,e172,,1
91,92,Directed,e173,,1
92,17,Directed,e174,,1
93,17,Directed,e175,,1
93,41,Directed,e176,,1
93,44,Directed,e177,,1
93,91,Directed,e178,,1
93,94,Directed,e179,,1
93,153,Directed,e180,,1
94,17,Directed,e181,,1
95,18,Directed,e182,,1
95,23,Directed,e183,,1
95,26,Directed,e184,,1
95,37,Directed,e185,,1
95,43,Directed,e186,,1
95,46,Directed,e187,,1
95,50,Directed,e188,,1
95,137,Directed,e189,,1
97,98,Directed,e190,,1
98,19,Directed,e191,,1
98,26,Directed,e192,,1
98,27,Directed,e193,,1
98,39,Directed,e194,,1
98,44,Directed,e195,,1
98,88,Directed,e196,,1
98,99,Directed,e197,,1
98,100,Directed,e198,,1
100,16,Directed,e199,,1
101,19,Directed,e200,,2
101,26,Directed,e201,,1
101,28,Directed,e202,,1
101,102,Directed,e203,,1
101,103,Directed,e204,,1
101,104,Directed,e205,,1
102,22,Directed,e206,,1
103,19,Directed,e207,,1
104,28,Directed,e208,,1
106,24,Directed,e209,,1
107,21,Directed,e210,,1
107,54,Directed,e211,,1
107,55,Directed,e212,,1
107,108,Directed,e213,,1
109,21,Directed,e214,,1
109,27,Directed,e215,,1
109,54,Directed,e216,,1
109,55,Directed,e217,,1
109,88,Directed,e218,,1
110,22,Directed,e219,,2
110,26,Directed,e220,,1
110,28,Directed,e221,,1
110,30,Directed,e222,,1
110,88,Directed,e223,,1
111,24,Directed,e224,,1
111,44,Directed,e225,,1
111,154,Directed,e226,,1
113,103,Directed,e227,,1
114,26,Directed,e228,,1
114,27,Directed,e229,,1
114,39,Directed,e230,,1
114,88,Directed,e231,,1
114,89,Directed,e232,,1
114,111,Directed,e233,,1
114,116,Directed,e234,,1
115,21,Directed,e235,,1
117,26,Directed,e236,,1
117,27,Directed,e237,,1
117,29,Directed,e238,,1
117,31,Directed,e239,,1
117,88,Directed,e240,,1
117,118,Directed,e241,,1
117,119,Directed,e242,,1
119,16,Directed,e243,,1
120,15,Directed,e244,,1
120,26,Directed,e245,,1
120,58,Directed,e246,,1
120,59,Directed,e247,,1
120,115,Directed,e248,,1
120,121,Directed,e249,,1
122,15,Directed,e250,,1
122,32,Directed,e251,,1
122,52,Directed,e252,,1
123,56,Directed,e253,,1
123,124,Directed,e254,,1
125,16,Directed,e255,,1
125,20,Directed,e256,,1
125,26,Directed,e257,,1
125,39,Directed,e258,,1
125,45,Directed,e259,,1
125,50,Directed,e260,,2
126,16,Directed,e261,,1
126,26,Directed,e262,,1
126,29,Directed,e263,,1
126,46,Directed,e264,,1
126,71,Directed,e265,,1
126,88,Directed,e266,,1
126,127,Directed,e267,,1
126,128,Directed,e268,,1
126,130,Directed,e269,,1
126,131,Directed,e270,,1
126,133,Directed,e271,,1
127,49,Directed,e272,,1
127,88,Directed,e273,,1
127,128,Directed,e274,,1
128,19,Directed,e275,,1
128,30,Directed,e276,,1
128,47,Directed,e277,,1
128,88,Directed,e278,,1
128,102,Directed,e279,,1
128,126,Directed,e280,,1
128,127,Directed,e281,,1
129,52,Directed,e282,,1
129,130,Directed,e283,,1
130,126,Directed,e284,,1
132,126,Directed,e285,,1
133,132,Directed,e286,,1
134,5,Directed,e287,,1
134,16,Directed,e288,,1
134,26,Directed,e289,,1
134,40,Directed,e290,,1
134,66,Directed,e291,,1
134,68,Directed,e292,,1
134,119,Directed,e293,,1
134,135,Directed,e294,,1
134,136,Directed,e295,,1
135,16,Directed,e296,,1
138,18,Directed,e297,,1
138,26,Directed,e298,,1
138,43,Directed,e299,,1
138,46,Directed,e300,,1
139,26,Directed,e301,,1
139,39,Directed,e302,,1
139,121,Directed,e303,,1
139,131,Directed,e304,,1
139,140,Directed,e305,,1
141,26,Directed,e306,,1
141,89,Directed,e307,,1
141,140,Directed,e308,,1
141,143,Directed,e309,,1
141,144,Directed,e310,,1
142,140,Directed,e311,,1
143,142,Directed,e312,,1
144,46,Directed,e313,,1
144,140,Directed,e314,,1
145,20,Directed,e315,,1
145,43,Directed,e316,,1
145,146,Directed,e317,,1
147,21,Directed,e318,,1
147,25,Directed,e319,,1
147,26,Directed,e320,,1
147,28,Directed,e321,,1
147,39,Directed,e322,,1
147,54,Directed,e323,,1
147,55,Directed,e324,,1
147,58,Directed,e325,,1
147,148,Directed,e326,,1
148,21,Directed,e327,,1
149,21,Directed,e328,,1
149,26,Directed,e329,,1
149,30,Directed,e330,,1
149,45,Directed,e331,,1
149,46,Directed,e332,,1
150,22,Directed,e333,,1
151,16,Directed,e334,,1
153,17,Directed,e335,,1
155,16,Directed,e336,,1
